{
    "web": {
        "client_id": "404700576549-q8vupdb9cr1dtdee7t72osl7b3kn4ohs.apps.googleusercontent.com",
        "project_id": "gen-lang-client-0194294131",
        "auth_uri": "https://accounts.google.com/o/oauth2/auth",
        "token_uri": "https://oauth2.googleapis.com/token",
        "auth_provider_x509_cert_url": "https://www.googleapis.com/oauth2/v1/certs",
        "client_secret": "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",
        "redirect_uris": [
            "http://localhost:3000/api/auth/callback"
        ]
    }
}